MaxReturn,LossAfter,MeanKLBefore,dLoss,NumTrajs,Iteration,AverageDiscountedReturn,MinReturn,StdReturn,LossBefore,Entropy,AveragePolicyStd,Perplexity,MeanKL,ExplainedVariance,AverageReturn
315.287219179,-0.00763977750696,0.00176354974786,0.00719786470369,21,0,53.255908558,-1.73305710734,88.7928421282,-0.000441912803266,1.4189385332,1.0,4.13273135412,0.00714560917028,1.59025015378e-11,131.242340703
441.380611919,-0.0050899825276,0.00192776497986,0.00579936857132,15,1,52.4070610542,6.59765187599,154.390574994,0.000709386043724,1.40335339016,0.984535676814,4.06882146082,0.00737965653498,0.190109104001,191.436244083
403.445809675,-0.00244445305459,0.00141754380035,0.00486091586436,23,2,55.5157882897,48.9691703173,100.480530601,0.00241646280977,1.40901695159,0.990127474899,4.09193086009,0.00758801545813,0.57408773017,132.267727924
494.654801429,-0.00709818390503,0.00101683114902,0.00913408978139,26,3,59.589688587,52.6972704235,103.94664959,0.00203590587635,1.40705353181,0.988185346264,4.08390456419,0.00857026820078,0.600083489146,129.18098393
487.391191169,-0.000989687035766,0.00065601674478,0.00121901466029,21,4,68.8611369838,45.699533949,144.682964632,0.000229327624528,1.39876956897,0.980033068778,4.05021339141,0.00582151142307,0.505620999121,185.258035235
480.3025263,-0.0048995201737,0.000177255050473,0.00514866300058,18,5,72.0575920372,45.2456957548,163.218383172,0.000249142826879,1.39368786637,0.975065464814,4.02968361876,0.00710976416659,0.578427320247,213.169616129
500.949979162,-0.00104928251259,0.000628880965693,0.000286310659301,17,6,74.8656221226,72.7168023312,160.263764572,-0.000762971853291,1.37945269735,0.961283569659,3.97272674853,0.00356166751097,0.533679659735,223.523413493
489.516912095,-0.00693606888053,0.000790237573562,0.00795568480252,24,7,68.2058883502,53.096906587,131.304113022,0.00101961592199,1.37897648953,0.960825907878,3.97083535534,0.00982759570395,0.588172392021,161.201425073
